{"test_r2":0.9542990922927856,"test_mse":0.2446279227733612,"_wandb":{"runtime":57},"_timestamp":1.744548596908975e+09,"_runtime":57.774451,"_step":59,"train_loss":0.10173032265248946}