{"_wandb":{"runtime":443},"epoch":20,"loss":0.14024301819854576,"_timestamp":1.7445463441912186e+09,"_runtime":443.902672,"_step":19}