{"_runtime":447.2944477,"_wandb":{"runtime":447},"_step":19,"loss":0.19831556706428158,"_timestamp":1.7445473226103342e+09}