{"_wandb":{"runtime":452},"_timestamp":1.7445482648760524e+09,"_runtime":452.4997827,"_step":19,"loss":0.12884794686696777}